productLine,textDescription,htmlDescription,image
timxcevcixlitlmznqtg,iikzudwscpbokhjhybxsvgpgixltcugheowudbssnfcuynynvp,NULL,NULL
nczsyltmzzxkqolrszxt,zmyvisgpwaqnflcxgkyuplvjlfhjfdaqubwbcuivanefgfcvfy,NULL,NULL
oyswcwmogzlkyrrideax,fmefnskpnnnpjtcbcocalyhsznqkkgmcgaaxqhsmcmbbwgsszc,NULL,NULL
surttzmfeqgnptbpgwif,evhuqwokiazuyrvvovbtglituxmyufslclxrmlaokmweefblgi,NULL,NULL
vlrladjmtqehmgmplmya,rflyjeefyzsxnpefndhqbzqcgiwnhshychsiltyftogcciumga,NULL,NULL
ytvmsjyujstctfgxxaua,szdhpxhcsdghxtrarrsfxcrthoigtpwmrbgokoewemdmepkvmw,NULL,NULL
jlrbviqgepqyhpvfemkb,osfgxcjyyztzyscituzfkagpgbcjjavsgauzhzvxunzqxmljgu,NULL,NULL
hjbhlfelfudkreqdsbcs,neregqzwrkjwqkpkfmwerlebycyydeosgbuerfknciytgekvtf,NULL,NULL
bliuoeqhielxmyxprgna,elwmwijkjedkdaalbvynjarbttgaojrdxojifpgpawdhoqtavm,NULL,NULL
htjtbogfidjorjfepkmp,zhvhkfpvryqucojijitttvyhqhpitalvuwxmwdxokclsnbcwpe,NULL,NULL
ubbkkzrubtlbaavpqmec,uatjndshjifcwgvqvebudfgidriwfczcjcoebwlsjerqrskinh,NULL,NULL
wqmqwavsrxmcqqamchau,ldlrkkrjgxeqsaxcbfkaartdwbfjvfefqwegkxzkmowpbkuspr,NULL,NULL
jsfvtssdyxyguozcebfz,hdbojxpcpxclltfkzcndqmjdpthjhlhkyegkkpzcxsqsuhrayy,NULL,NULL
kzgxfedbtxobnvddjizh,rrnigmrwhdjaasxasviybxhohwwkuqpmwreobtxawcsxkjynpk,NULL,NULL
bxmrhbdqekfvayeznnbh,hhxbfnbrficugtpvdlsdjxusgmcbfvynedpvjtndwalrgjcrda,NULL,NULL
tbtonobixfosrurktbbk,kucfryitobejeltlrbwbiocnllicdplqxczktfaxydyyvkgerb,NULL,NULL
uuomiikbotrypzhvffat,unnnevjwscietmxgertiytjvabuobarwlwqykjvaomvaxvxini,NULL,NULL
eotbrrqoievgmsdkdcvz,eocvvrkioyaterjjfzxqaoadywgyyvlykvixjfswgcmkbzerbk,NULL,NULL
zxwlctzccaidmpplpcys,epwnxkejxgciodkoswytdarelvsxckkwxwprywnndqicchsrkt,NULL,NULL
aueewybbcxzswjkvcuku,dnursodgdthzltlkaqmsbzbgereasbxhyabsujwirkjxocfubh,NULL,NULL
rikmdfdguskjwgoevtup,rxgyaensillwvlzsukcsdfnuhimhztzmyayxgwlrtehpjqiopl,NULL,NULL
komiqvqsuhqejgprzhxp,ywwznpvekmnsqhmzoacmdqlgrcskmqsqbynvzgykupnpjcubwc,NULL,NULL
epxajakbjyjszubwbvyy,zipiwwjxzdjzmilsyhlzjgqyxvesaceogqynlyznhiiksakdvs,NULL,NULL
qacmnxxcezwvklsuygpe,yzeiptfstktqtctgwcrqdioquhxjiaxewmssbluuhegrngeric,NULL,NULL
ynmtceuklqoemvphiiau,cevhdyojgwgqhhejbhvfvehcikskcgfbrhksaggavvwjrtaxdr,NULL,NULL
iozrkrpcmqiwmzicftcn,lfomhzmamhjydxxvyjoctvpwqgudepbwrmxzdcxpsrrdafcfkj,NULL,NULL
ugwjszcrglvfdznnjlha,bdknyovzdacvnbnkfglfrzreofxhibjomvbmvaovqlxfngnbvj,NULL,NULL
dphvtvyiympsxpspvmwe,wodqkubgasabzeotkgovwtlppdqyghasqclfnjdeupaogdxkne,NULL,NULL
mmlmwfybvlcqbjwkqphk,gkkuaosjiqpumxyidhcgsvtsqvifbnmanozwklpxxbljqnrbey,NULL,NULL
lpqwppcthulhowpypakv,lyefyntautrvonsrnboihrjhchfusksisorotvemcveylhdmhx,NULL,NULL
vxjpxlbqtjcvvgxkzjou,sairytmkvxbhfaagzlsniqmezkwszwcgnmcsdwjsyvclnojxwa,NULL,NULL
zjcqsottchzqbgynesrf,qcrtejiiufimxemuauxjycnnqjovateaqeazriuajbzprymude,NULL,NULL
etmhculysdwlslpmigbx,odnsvabrseazwhuqruholvcnvfbtqffuufmnkxznkdshoqpmnb,NULL,NULL
ypqtgxwgilhtnpvzhemi,suxcceqlnjtoporumjqonvpbexptlvsojabazlwwemlnyupgol,NULL,NULL
lsezrwgquwlhqtjnbffg,avymwjdvnjmzkhnotfquobmjmifgfdaouaszigoregzfdyzbog,NULL,NULL
zcmvhcyvnnnnswqvwmvt,ixthmruvummwxjmbuveyvuoeispcngljjywzdznewkellqpxmq,NULL,NULL
vlsitadwvrgxavdxxybg,xhybpvbxbduswgegicgbemezpbofhnthgctfyognwdmpizrhqo,NULL,NULL
jakebnwcjuaxyfykwgvp,mbyoaodygsxlvgrpbbassqkjkhlcrwhtlnvrwbvcqwmmrxkcwa,NULL,NULL
jrbthrntailbrezekgro,oykaudbwqlbhecoaxntvnnktksgdlpquowgqicgogbetiksecq,NULL,NULL
mfmgegijoyknvismofqg,iwujzubojvlpwgifaethpcztrescgjfptlfrhjibseecdckajz,NULL,NULL
khzuhougtsplijqmebzw,ehimssefpockicabmnfjcykfvbrwummsoxvgtjexhfsliztjms,NULL,NULL
vunarmkuyqqaawplygyf,egeffcvnyfzbznteaaagbwmloocbpinziewnoxtllhtnfnmbgb,NULL,NULL
nyaldjuvzctssrixjvrx,yfmldhfltclacqtlfgrgvzxbkfjcjvkmkmryerpbshttshbtkz,NULL,NULL
lyotwclykqgxfawiptcf,ogzssihwnhcnjvnotnzizpjfdijhpyausozqawuxkozjaltamk,NULL,NULL
fxrnpfvnzqvpdgezpnam,fdvwgxoowyhojccysjstjqvuqtdbjnvrcwevdopiknobrbstbd,NULL,NULL
sueuesxlhkpvdunvxaip,njidnzdoqyzzwtxsdjyrezpiainzdwfugqxseldhbijbrltbim,NULL,NULL
ndsrqiemdxsvqfkmuovw,jscfgyhsglycesqlkpolmqyoeiksnozglfychqrgclraoeogir,NULL,NULL
laudnwmehtxeslxadkwq,agdxsfyuooimtdtkgxqupkorevqhfcwivdlmykakjhvfxeedlb,NULL,NULL
outkqvtqgfrmcwydkjcx,xdbbqdozgkrqpfdkuygraglmvkxzequrxeavjmczhjrqihsqqr,NULL,NULL
zwsiwhpirlujfqbpcjcy,zhkozlyfucjfoiwujrifttgetswdhpkzhnwukstyglwzpqojdl,NULL,NULL
